0.21035,0.73008,-0.14917,-0.60592,-0.55988,-0.031642,0.11254,0.58954,0.73232,1.5135,2.1739,2.0267,2.0012,0.57718,-0.12268,-0.30512,-0.4319,-0.68986,0.15306,0.87626,1.0319,0.94741,0.25472,0.077141,0.21752,0.75596,1.2124,1.2124,1.0669,0.10814,-0.051756,0.45986,0.20038,-0.48622,-1.2163,-0.60559,-0.84867,0.26361,1.4362,1.1664,-0.334,0.94061,0.95802,1.6365,1.9256,0.22002,-0.32722,0.72058,1.0756,-0.44084,1.4016,0.070564,-1.2477,-0.58088,0.086011,-0.70111,-0.36647,-0.44036,-0.75086,-0.14057
-0.88139,-0.33485,-0.49527,-0.64891,-0.9505,-0.33957,0.43784,-0.14561,-0.17825,0.027087,0.48444,0.42249,0.0070566,-0.25456,-0.64841,-1.0027,-1.0251,-0.80075,-0.69349,-0.74298,-1.0611,-1.2282,-1.0216,-0.60495,-0.14095,0.29859,0.70523,1.29,1.4091,0.52536,-0.033531,0.29526,0.57469,-0.082309,-0.8018,-1.0221,-0.86201,-0.97927,-0.84139,-0.26926,0.12301,1.0248,0.94939,-0.65402,-0.33854,-0.38399,0.29956,0.75422,0.54712,-0.20666,0.31905,-0.39653,-0.057948,-0.22475,-0.95806,-0.66624,-0.98871,-0.16214,-0.31406,-0.93563
-0.85964,-0.15584,-0.34434,-0.35016,0.97922,1.2677,1.1192,0.40399,0.075997,-0.26603,-0.099567,0.43106,1.0009,1.3323,1.0549,0.56829,0.86514,1.0717,1.2078,1.2281,1.4741,1.4684,0.91146,0.79646,0.94713,0.70621,0.29653,-0.14345,-0.33538,-0.81236,-1.2682,-1.5131,-1.4901,-1.5574,-1.2761,-0.71652,-0.63276,-0.072578,0.42396,-0.096869,-0.57361,-0.64063,-1.0471,-0.47171,-0.35964,-0.38026,-0.059261,0.092539,0.51096,0.56172,0.46061,0.19512,0.069524,1.8024,1.0031,-0.47447,-0.0034902,-0.37853,0.18744,0.03832
0.35823,0.61176,0.49359,-0.010581,-0.8947,0.63666,1.383,1.6277,1.0896,0.3827,0.84614,1.0686,1.306,1.8145,2.2986,1.9287,1.4894,1.703,1.8527,1.276,1.0858,1.221,1.0602,0.5058,-0.014795,-0.28692,-0.87787,-1.4976,-0.66129,-0.90024,-0.92048,-1.4648,-1.6605,-1.0908,-0.77941,-0.76915,-0.80407,-1.1506,-0.21549,-0.059368,-0.7542,-0.77043,0.29468,-0.070335,-0.59905,-0.15777,-0.18347,-0.62041,-0.34569,-0.15544,1.6015,-0.16817,-0.62449,1.7476,-0.8593,0.083395,0.7916,0.51794,0.30069,1.211
-0.39424,0.11722,0.30102,0.52458,-0.23766,-0.29558,-0.02665,1.596,-0.48487,-1.3418,-0.082235,0.080522,-0.6832,0.45193,0.64791,0.76,0.173,-0.27767,-0.61945,-1.129,-1.4334,-1.9992,-1.5644,-0.65138,-1.2147,-1.2295,-0.67922,-0.76911,-0.78116,-0.70273,-0.54944,-0.21169,0.23669,-0.025226,-0.66827,-0.76953,-1.09,-0.60504,-0.0025092,0.3274,0.011385,0.13458,0.070206,-0.16036,0.059143,0.10803,-0.44108,0.19347,0.33852,-0.37498,-0.66359,0.58956,1.061,0.69296,2.7809,0.1357,2.8312,2.2336,1.789,0.61474
-1.2033,-0.60184,-0.38858,-0.73918,-0.42667,-0.38694,-0.34386,-1.4374,-0.51697,-0.45128,-0.18246,0.051965,-0.2689,-0.99206,-1.5139,-0.78825,-0.18008,0.046961,0.14337,0.23968,0.51563,0.78718,0.8551,0.69985,0.89609,1.242,1.2124,1.142,0.96827,0.20282,-1.3369,-0.67784,-0.25528,0.42366,1.5117,2.0871,1.8994,1.3196,0.63042,-0.060487,-0.12771,-0.32119,0.48605,1.1646,0.66853,0.46267,-0.43188,-0.88957,-0.64051,-0.60183,-0.96338,-0.27197,-0.45453,-0.27954,-0.80286,-0.92774,-1.127,-1.0741,-0.76704,-0.35921
1.8284,1.5675,2.1799,2.0591,0.95761,0.20184,0.1093,0.3946,0.04221,0.033038,0.40004,1.0586,1.3074,1.736,0.88839,-0.79728,-0.59953,-0.51474,-0.89272,0.21151,1.1122,0.46867,-0.51234,-1.6375,-2.0338,-0.1651,0.2257,-0.76658,-0.71581,-0.14962,-0.32606,-1.4605,-1.6106,-1.3429,-1.3942,-1.0792,-0.77406,-0.85014,-0.12909,-0.50602,-0.84011,0.066419,0.53066,-0.54524,-0.88593,-0.65128,-0.48248,-0.49064,0.12714,0.59831,-0.05569,0.2055,0.69272,-0.75894,-0.88752,-0.59651,0.15207,0.33246,0.25215,0.058196
0.10161,-0.40159,-0.70605,-0.12879,0.26997,0.019115,-0.31311,-0.16323,-0.45531,-0.40887,-0.17492,0.024122,-0.03338,-0.098911,-0.64062,-0.98855,-0.75844,-0.80533,-0.79814,-0.87167,-0.89389,-0.89367,-0.49475,0.077978,0.45473,0.56416,0.88638,1.29,1.0694,0.29297,0.43097,-0.016603,-0.56907,-0.75174,-0.79485,-1.108,-0.75405,-0.77642,-0.40487,-0.39464,-0.21887,0.2377,-0.56148,-1.0997,-0.51858,0.16925,0.75152,0.32004,-0.5821,-0.44816,-0.18893,-0.27197,-0.63866,-0.89591,-0.29493,-1.3113,-0.41832,-0.68766,-1.2685,-0.2002
-0.23331,-0.20135,-0.042474,-0.30073,0.064761,-0.47323,-0.54455,-0.24073,-0.15714,-0.025735,0.21994,0.42677,-0.24975,-0.63699,-0.8626,-0.88109,-0.90218,-0.639,-0.0046961,0.20389,0.59166,0.73559,0.52893,0.86211,0.84056,1.0418,1.2124,1.18,0.84298,0.1548,-0.34709,-0.57467,-0.63105,-0.87153,-1.0495,-1.3545,-1.2747,-1.0023,-1.0981,-1.1363,-1.48,-0.93993,-0.29096,-0.065083,-0.062206,0.32902,0.56522,0.24795,-0.11762,-0.25057,0.21079,-0.39653,-0.51118,-0.34802,-0.77464,-0.98004,-0.86772,-1.0277,-0.7185,-0.10082
1.5761,0.8029,0.77724,1.2747,3.1141,0.35749,0.93794,-0.42159,0.57436,0.99647,-0.17492,-0.80331,0.92149,1.6527,-0.39139,0.23475,0.68044,0.47751,1.2124,1.2201,-0.32682,0.050902,0.76157,-0.011519,0.40901,0.73825,0.52042,-0.018652,-1.269,0.26986,0.97819,1.7875,1.2032,0.52831,-0.37267,-1.1905,-1.1121,0.25563,1.3914,0.22889,0.60281,1.2002,1.5372,1.5179,2.2856,3.0183,2.2661,2.515,2.1686,4.5427,0.68545,0.78678,3.5963,1.775,4.996,5.4355,4.7843,5.5722,2.6464,0.65449
-0.35944,-0.58667,-0.071099,-0.46837,-0.097249,0.90228,0.35692,0.063427,1.071,1.3625,0.86197,0.83299,0.85835,0.20995,0.062789,-0.3365,-0.69624,-1.2015,-0.61945,-0.45782,-0.46568,-1.0027,-0.83571,-0.77893,-0.22343,0.10848,-0.16183,0.31568,0.64943,1.2538,1.9759,1.228,0.3287,-0.26956,-0.97237,-1.0228,-0.91911,-0.74027,0.17431,1.3528,1.8091,1.3596,2.1919,2.1654,3.3382,3.2087,3.2713,2.9588,2.9613,2.2375,-0.88843,-0.58337,1.3301,-0.074083,-0.76053,-0.89288,-0.28004,0.11607,-0.15229,-0.45859
1.4935,0.98494,0.038196,-0.44258,-1.0207,0.36257,-0.32768,0.6694,1.3363,1.3521,1.7436,2.2344,1.9672,0.8374,-0.073026,-0.12588,-0.070098,-0.24784,0.089882,0.59681,0.62501,0.90637,0.88668,1.0495,1.3252,1.1227,1.14,0.17697,-0.94183,-1.3098,-0.82468,-0.32846,-0.34971,-0.50567,-1.1815,-0.047128,0.42138,0.042929,-0.72385,-1.1027,-0.97745,-0.095973,1.4357,1.9396,0.85121,-0.13686,-0.95975,-0.81427,-0.57932,-0.86528,-0.05569,-0.89477,-1.1627,-0.30693,-0.29493,0.22286,0.13479,0.085158,-0.63762,-0.27971
-0.39424,-0.66555,-0.24545,-0.44903,-0.63908,-1.0197,-0.86338,-0.52258,-0.034656,0.36336,0.43018,0.43248,0.61715,0.022081,-0.23561,-0.76418,-0.89459,-0.87531,-0.57371,-0.052718,0.43379,0.81102,0.95703,1.1682,1.177,1.2652,1.0793,0.72674,0.61405,0.24268,0.14311,-0.15682,-0.77922,-0.49227,-0.13032,0.16944,0.47306,0.52562,0.25468,-0.03418,-0.56777,-0.94764,-0.34636,-0.4282,-0.86548,-0.23318,-0.49168,-1.3814,-0.79626,-0.38229,-0.29718,-0.83249,-0.70947,0.37792,0.2271,-0.82314,-0.38375,0.39428,0.041844,-0.57786
-0.26375,-0.21045,-0.69824,-0.67255,-0.61568,-1.573,-1.6095,-0.63767,0.49412,0.28152,-0.086757,-0.70122,-0.71016,0.081057,0.57343,0.77805,1.0089,0.62739,0.68022,1.0678,1.4857,1.4684,0.60488,-0.5439,-1.1441,-0.76705,-0.55832,-1.6435,-1.8896,-0.83773,-1.2892,-0.39693,0.007168,-0.70676,-0.80218,-0.033498,0.28883,0.10773,-0.37122,-0.69521,-1.0791,-0.2631,-0.34132,-0.78081,-0.84966,-0.97307,-0.63314,-0.20706,-0.17881,0.3056,-0.080672,-0.095515,-1.0069,0.18616,-0.7041,0.5541,-0.45289,0.1779,-1.1553,0.53524
0.41913,-0.18315,0.64973,0.77174,0.92701,0.794,1.4833,1.4856,0.88858,0.47272,0.96822,1.0222,0.78741,1.0405,1.0524,0.44622,0.25606,0.51192,0.98101,0.52028,0.32092,0.93412,1.0542,1.0955,0.46127,0.6687,0.91162,0.058923,-0.26711,-0.26921,-0.25223,-0.59155,-1.3191,-1.2914,-0.8126,-0.88197,-1.0925,-0.91963,-0.63895,-0.60062,-0.066927,0.056936,-0.81617,-0.7508,-0.43681,-0.1294,-0.69064,-1.3045,-1.1717,-0.53597,-0.072345,1.2539,-0.51118,2.1038,-0.19617,0.5018,0.49776,-0.1776,0.28451,0.03832
0.058112,-0.064822,-0.58374,-0.6704,-0.53288,-0.64411,-0.45068,-0.44155,0.63771,0.777,-0.1267,0.084805,-0.22279,-0.4783,-0.99452,-1.0952,-1.2416,-1.0585,-1.2753,-1.5574,-2.1638,-1.7343,-0.97162,-0.43056,-0.072363,0.20037,0.61934,0.90424,0.93539,1.3965,1.8787,1.9376,1.4681,0.9374,0.89811,1.1357,1.5418,1.3544,1.2392,1.683,1.5805,1.2932,1.843,2.7243,2.5949,2.3867,3.0505,2.9876,2.5246,1.6082,0.91862,0.68298,-0.52535,-0.53978,-0.097407,0.11826,-0.072629,-0.57946,-0.39495,-0.876
0.31039,0.28409,-0.36516,-0.70694,1.1826,1.4725,0.21288,0.31122,-0.065065,-0.47509,-0.27967,-0.2486,0.092186,0.36742,0.37872,0.24678,0.44531,0.68093,0.75464,0.68704,0.8876,0.93724,1.017,1.1314,1.1358,1.2652,1.028,1.1825,1.0578,0.62819,0.19498,-0.57889,-0.79762,-0.89228,-0.6702,-0.87667,-1.2201,-0.89146,-0.75499,-0.46796,-0.91784,-1.0235,-0.35428,-0.33667,-0.060228,-0.32053,-0.51238,-0.67168,-0.075898,-0.074939,0.74374,-0.19931,1.1743,-0.74524,0.043684,-0.56164,-0.21091,0.53339,-0.10375,-0.63748
0.07986,-0.49565,-0.01385,-0.74777,0.38158,1.3219,-0.1804,0.41574,0.86493,1.7479,2.1566,2.2194,1.8771,0.65805,-0.46587,-0.86003,-0.70648,-0.68948,0.062361,0.48259,0.81895,0.99157,0.45178,0.37198,0.1624,0.12197,0.67755,1.083,0.80219,-0.035914,-0.31859,-0.047554,0.032832,-0.37897,-1.0183,-0.89787,-0.65693,-0.46793,0.96195,1.1507,-0.81907,-0.2228,0.68319,1.7655,1.7488,0.29468,-0.51698,0.50909,0.73347,-0.84332,0.73542,0.7245,-0.68115,-0.77264,-0.19617,-0.78827,-1.0924,-0.36307,-0.20082,-0.22008
-0.35074,-0.77781,-1.1016,-0.19112,-0.073848,0.87521,0.4864,-0.16675,-0.096319,-0.54874,-1.1869,-1.5244,-1.0684,-0.21382,0.52475,1.0046,1.2421,1.3791,1.5341,1.5125,1.1913,1.1323,0.55211,-0.66601,-1.3536,-1.5633,-1.8117,-1.3724,-0.27294,0.17247,-0.20176,-0.36363,0.12677,-0.072795,-0.32135,-0.64761,-1.0529,-0.94405,-0.87153,-1.1844,-0.72965,-0.5221,-0.82912,-0.27365,0.018254,-0.62814,-0.57218,-0.26474,-0.1955,-0.51402,0.11086,-0.17855,-1.191,-0.85482,-0.61944,-0.89288,-0.93686,-0.62583,-0.45966,-0.99526
-0.48993,-0.75354,-0.078906,0.20219,-0.28086,-0.40217,1.4121,2.4861,2.953,2.8884,2.9342,1.4313,0.681,-0.061823,-0.76281,-1.4455,-0.90066,-0.049395,0.7372,0.93908,0.95393,0.96695,0.8519,1.0348,0.80627,0.45751,0.68081,0.62008,-0.26129,-0.93105,-0.72888,0.11658,1.1248,1.2406,0.67158,0.50716,0.59269,0.22934,0.25317,0.35035,-0.16803,-0.70642,-0.42478,0.094718,-0.26072,-0.29515,-0.39277,-0.10292,-0.45694,0.10801,-0.62196,-0.11628,-0.66698,1.0628,0.25532,0.7633,0.048364,1.1671,1.3037,0.3961
-0.39424,-0.62611,-0.42761,-0.65965,-0.050446,-0.35987,0.023522,-0.058707,0.2576,0.47421,-0.12971,0.38179,0.16029,-0.55126,-1.1177,-0.93482,-0.89497,-0.89595,-1.1714,-1.5703,-2.1603,-1.6022,-0.8541,-0.32768,0.070129,0.24337,0.71867,0.8937,0.87711,1.4848,2.1553,2.3052,1.7441,1.129,1.0336,1.1493,1.3755,1.1905,1.2638,1.7412,1.7231,1.0336,1.7595,2.7168,2.0053,1.8185,2.1833,2.1112,1.5734,1.535,0.76873,-0.033236,-0.82278,-0.074083,0.12834,0.17056,0.082933,-0.9195,-0.50819,-0.57786
1.8675,3.6093,1.7531,1.1737,-0.15485,1.2762,-0.17716,1.6982,-0.31425,-0.95792,0.13102,1.0122,0.4554,-0.82425,-0.63916,-0.20497,-0.71217,-0.8971,-1.2385,-0.17646,-0.29036,0.021592,0.78635,0.012319,-0.37939,-0.36154,0.72762,0.6049,-1.0621,-0.3435,0.19171,-0.070065,-1.2775,0.39684,1.1798,1.2345,0.83736,0.69184,1.1338,0.73935,1.3778,1.9511,2.0041,-0.5865,1.514,2.1172,1.1138,-0.022815,1.8933,3.1011,0.6105,1.8144,0.28198,-0.37542,2.6539,0.6064,0.23849,1.0434,1.2552,1.2707
0.97587,1.6979,0.47798,-0.26634,0.43738,2.3438,0.90557,0.78684,0.70191,-0.58668,0.21542,0.19689,1.2052,0.42944,-0.56809,-0.4388,-0.3443,-1.1422,-0.8776,-0.80809,-0.35048,0.31626,0.26911,0.036575,-0.6754,-0.71267,-0.36252,0.61038,1.0865,1.2674,2.1549,2.2405,1.4332,1.2392,1.306,0.1081,-0.85784,-0.74074,-0.94286,-0.085115,2.3625,3.2378,2.0761,1.6972,2.9517,3.4402,2.0603,0.74461,-0.43191,1.1033,2.4592,3.0911,2.364,0.58338,0.3823,0.8156,-1.006,0.45611,-0.087577,0.25696
-0.58127,-0.44104,-0.75029,-0.096551,0.42478,0.64173,0.39738,-0.15148,-0.070133,-0.11873,0.00065574,0.15477,0.22414,0.012353,-0.47512,-0.8768,-0.64504,-0.54418,-0.57216,-0.51302,-0.70693,-0.98004,-0.75337,-0.26453,0.19057,0.25138,0.68569,1.29,1.4128,0.62411,0.37536,-0.093044,-0.20154,-0.3327,-0.76475,-0.9293,-0.82033,-0.99617,-0.7997,-0.30117,-0.37082,-0.0035161,-0.61328,-0.6045,0.0024256,-0.27797,0.37891,0.22872,-0.081461,-0.78478,0.5189,-0.13703,0.01287,-0.71785,-0.91573,-0.056072,-0.76401,-0.51764,-0.92881,-0.876
-0.037578,0.6512,0.56646,-0.6661,0.15657,1.0613,-0.10272,-0.29358,-0.34635,-0.23479,-0.27514,0.26186,0.38446,0.48841,0.47072,0.53778,0.76615,1.339,1.6609,1.4348,1.2351,1.2534,0.74278,0.43763,0.1032,-0.35606,-0.49319,-1.0482,-1.1296,-1.322,-1.3364,-1.2565,-0.28773,-0.036902,-0.40856,-0.54804,-0.0079476,-0.038771,0.25368,0.92629,0.68171,0.5204,-0.10462,-0.51823,-0.63004,-0.36981,-0.65499,-1.0306,-0.76567,-0.18471,-0.43042,0.13284,0.89102,0.66556,-0.66177,-0.16067,-0.41832,-0.71857,-0.55673,0.27684
-0.8031,0.20824,-0.38858,0.37413,0.58139,-0.045177,0.62882,0.90545,1.082,0.6349,0.56055,0.66308,-0.19654,-0.65584,-0.98235,-0.7328,-0.53999,-0.47764,-1.0481,-1.664,-2.1389,-1.9547,-1.2914,-0.99096,-0.41655,0.34833,0.90795,1.0155,1.2184,1.8984,1.9922,1.9169,1.6623,1.3007,1.3944,1.568,1.6818,1.2013,0.73993,0.96715,0.84593,0.69405,1.7063,2.4295,1.6571,0.79715,0.36396,0.71257,1.1729,0.41536,-0.68025,0.3093,0.18283,0.049191,-1.0145,0.25773,-0.1072,-0.30125,-1.0097,-0.57786
1.002,0.15969,-0.67222,-0.5307,-0.72189,0.21199,0.063983,-0.19963,-0.44095,0.33211,0.26817,-0.091533,-0.60658,-1.2055,-1.2262,-0.98081,-0.92417,-0.83516,-1.1962,-1.6126,-1.1351,-0.13864,0.46417,0.73038,1.09,1.2593,1.0899,1.29,0.91957,0.52989,1.2488,1.3668,0.49624,-0.97142,-1.0912,-0.90961,-1.0721,-0.91869,-0.66759,-1.56,-0.81965,-1.455,-1.3874,-0.62401,-0.70061,-0.63411,-0.19037,0.14541,0.043699,0.2251,-0.047362,0.26778,-1.1061,-0.80003,-0.43602,0.11826,1.0682,0.90434,-0.039044,-0.67724
-1.0641,-0.98715,-0.93245,0.032404,0.23577,0.39302,0.73887,0.029371,0.96461,1.0314,0.68187,0.54314,-0.3065,-1.0413,-0.53548,-0.59483,-0.84643,-1.0898,-1.4807,-1.8003,-1.7585,-1.1536,-0.48036,0.0056277,0.47025,0.8175,0.96617,1.0763,1.0902,1.5138,1.7679,1.7331,1.4565,1.1623,0.97297,1.1474,1.085,0.72283,0.44506,0.63132,0.96632,0.95364,1.3364,2.0859,1.8055,1.1869,1.169,1.4287,1.3092,0.34219,-0.26388,-0.40691,0.26782,-0.55348,-0.76053,-0.24784,-0.31461,-0.53309,-1.2524,-0.71699
0.51916,-0.32575,0.43114,-0.029924,-0.47347,-1.1178,-0.98153,-0.27127,-0.45869,0.16174,-0.74612,-0.83329,-0.42285,-0.87532,-1.1814,-1.1128,-1.2352,-1.4661,-1.154,-1.011,-1.2624,-1.1293,-1.1383,-1.474,-1.3483,-1.4487,-1.2739,-0.13417,1.1793,1.8984,1.6277,0.89412,0.52191,-0.0087924,-0.39544,-0.69721,-0.11757,0.6585,1.4512,1.7541,1.2159,0.42024,0.14143,0.74743,1.5232,1.9828,2.6296,2.4733,2.0574,0.89835,0.16915,0.85944,-0.97858,-1.2383,-0.3937,0.8679,0.51505,-0.45581,0.090377,-0.41884
-0.77265,-0.49261,-0.44062,-0.33297,0.83701,1.7195,0.43946,-0.49205,-0.36324,-0.21098,0.09485,0.3361,0.6661,0.86841,1.0008,1.2767,1.2296,1.438,1.5446,1.5052,1.5163,1.4613,0.97102,0.32054,-0.1581,-0.10735,0.075492,-0.050272,-0.37825,-0.46219,-0.52374,-0.87105,-1.493,-1.1427,-0.53051,-0.20728,-0.34182,-0.58908,-0.4983,-0.54296,-0.31472,0.052195,0.093948,-0.16186,-0.47242,-0.45044,-0.31457,0.47385,0.5805,-0.2213,0.43563,1.3992,0.63607,2.0216,0.057793,-0.71854,-0.48746,1.0125,0.38157,-0.7965
0.43652,-0.83849,-0.44583,-0.60592,-0.61568,-0.9385,-0.26618,0.40164,0.2745,0.28896,0.24104,0.39036,0.092186,-0.40838,-0.9916,-0.7126,-0.79561,-0.87989,-0.70046,-0.49513,-0.39547,-0.11675,0.24313,0.38243,0.8671,1.1434,1.1636,1.2107,1.2667,1.2379,0.65995,-0.46587,-0.16667,-0.35821,-1.0013,-1.2905,-1.0021,-0.64166,-0.80673,-1.1581,-1.0675,-0.39883,-0.034835,-0.38243,-0.7936,-0.65949,-0.35942,-0.1638,-0.064773,-0.75551,-0.59697,-0.53147,-0.38371,-1.1425,-0.19617,-0.70111,-0.12448,-0.54855,-0.92881,-1.0151
-0.55517,0.73615,0.77984,0.14846,-0.9343,0.0038881,0.19508,-0.82674,-0.21795,-0.96908,-0.42887,0.12764,-0.67043,-1.1714,-0.59487,-0.23678,-0.15619,-0.74071,-0.5303,-0.80809,-0.18796,-0.39539,-0.40002,0.095124,-0.16423,-0.10187,0.60143,0.45734,0.059213,1.2601,0.75248,0.45892,-0.51048,-0.11647,-0.43403,-1.1258,-0.13299,0.39462,-0.73188,0.35314,1.0137,-0.69279,0.020563,0.79619,0.19302,-0.34368,-0.86085,0.046077,0.8475,-0.24325,0.69378,1.285,0.5086,1.597,1.3276,1.7919,0.54962,0.22426,-0.022866,0.93277
-0.2768,1.4218,1.4616,-0.2384,0.657,1.0241,0.61425,0.90193,1.2797,1.0671,0.73085,0.81443,0.91297,1.0733,0.97066,1.1984,1.6179,1.5114,1.2775,1.0746,0.74021,0.8966,1.268,1.369,1.0627,1.016,0.83387,0.069042,-0.041931,-0.064453,-0.72141,-0.91138,-1.1981,-0.32102,-0.097136,-0.57454,-0.51063,-0.39468,-0.68617,-0.65603,0.10606,0.0012252,-1.5522,-0.67728,-0.078034,0.10952,-0.16737,-0.29838,-0.77123,-0.096893,-0.014053,0.39234,1.1885,2.0627,0.66448,0.74587,0.65333,0.20881,-1.0906,-0.57786
-0.7596,-0.95681,-0.4146,0.094732,0.29337,0.37441,0.58188,0.67997,0.49074,0.064285,-0.88929,-1.2481,0.034724,0.48173,0.92051,1.2066,1.1041,1.1505,1.2826,1.1279,1.367,1.405,0.89347,-0.13531,-0.68887,-0.676,-0.035638,0.65212,0.746,0.069183,-0.97889,-0.76553,-0.6233,-0.92515,-0.95693,-1.0955,-1.1463,-1.2023,-1.1875,-0.876,-0.33576,-0.33067,-1.0291,-0.31491,0.029465,0.1349,-0.12941,-0.82709,-0.59601,-0.87991,-1.0133,-0.84287,-1.1061,-1.2246,-1.1274,-0.92774,-1.006,-0.27034,-0.8641,-0.25983
3.4421,2.0802,-0.47185,0.64064,-0.0072437,0.13416,3.4061,3.8073,3.1642,2.8891,2.2184,-0.17935,-0.23485,-0.16822,1.6765,1.2238,-0.94276,-1.4095,-0.27796,1.1755,0.7375,-0.98903,-1.9054,-2.1393,-1.906,-1.7501,-1.9582,-0.33992,-0.25546,0.50542,-0.57,-0.040989,1.7523,2.0198,2.3441,2.0307,2.3958,2.7733,2.0374,0.93973,-0.47076,-0.45454,-0.57299,0.54861,1.5839,1.113,0.40651,-0.57876,-0.51535,0.034831,0.094204,0.47538,0.041197,1.7065,2.5833,-0.87544,0.10022,0.65704,0.041844,1.5489
-0.35509,-0.79905,-0.61237,1.0683,1.6615,-1.062,-0.80026,-0.61066,-1.0863,-1.039,-0.93074,-0.54344,-0.016354,0.073761,0.18157,0.52144,0.70206,0.7444,1.1702,1.2859,1.092,1.2096,1.4111,0.99343,0.71114,0.36603,0.27129,0.32791,-0.063576,-0.68325,-1.3868,-1.4971,-1.2165,-0.61162,-0.024587,0.041467,-0.16259,-0.51395,-0.0040162,0.50931,0.84827,0.72606,0.65081,0.28303,0.084864,-0.31755,-0.085712,-0.58356,-0.62938,-0.15544,-0.47206,-0.17855,-0.086276,-0.66306,-0.87341,0.2926,0.031079,0.4252,1.3199,1.3502
-0.35944,-0.37429,-0.82836,0.49234,0.56159,1.0732,2.9108,2.4803,1.2957,1.5195,1.1928,-0.83401,1.34,4.2586,2.8891,1.9373,1.0749,1.2625,1.45,1.0929,1.0974,1.2624,1.4111,0.94032,0.42942,0.55741,-0.21149,-1.0086,-0.70291,-1.0955,-1.0738,-1.6003,-1.7893,-1.137,-0.8072,-0.64382,-0.98664,-0.69707,0.066811,0.18579,-0.30595,-0.94112,0.14359,0.33479,-0.38207,-0.39071,0.18225,0.65168,1.5289,0.88371,1.2934,-0.80135,0.73521,-0.33433,3.9378,0.32746,0.84345,3.2228,0.80219,-0.83625
0.59311,0.5177,0.70177,0.16996,0.83341,0.80923,0.52686,-1.1239,-0.98831,-1.4653,-0.83277,-0.020855,0.19718,0.47504,0.64158,0.6908,0.92089,0.99026,0.98992,1.158,0.90195,0.67658,0.76556,1.0834,0.73523,-0.35268,-1.1734,-1.5478,-1.3789,-1.4747,-0.78402,0.034983,0.40085,0.46647,0.48944,0.29173,0.2484,0.458,0.51187,0.73935,0.4719,0.32067,0.070926,0.28978,0.10861,0.1364,-0.24672,-0.61881,-0.18437,-0.6311,-1.2632,0.080943,1.0185,-0.41651,-0.46424,0.85047,0.18664,0.069702,0.54335,-0.31946
0.1364,-0.85973,-0.36516,0.053896,0.014358,-0.14838,-0.36814,-0.38753,-0.63354,0.053125,0.54623,0.6588,0.18228,-0.95071,-0.95753,-0.96749,-0.85667,-0.80075,-1.135,-1.2318,-1.0933,-0.1148,0.73239,0.96959,1.2795,1.2281,0.98774,1.29,1.1119,0.72604,1.2366,1.2787,0.54805,-0.82223,-1.1568,-0.96603,-1.0333,-1.0192,-0.74846,-1.5488,-0.77758,-1.161,-0.94711,-0.33517,-0.67159,-1.1396,-0.49973,0.54594,0.35521,-0.18471,-0.91342,-0.75983,-0.19959,0.35053,-0.42192,-0.33501,-0.76401,-0.73403,-0.28171,0.03832
0.066811,0.42062,0.55865,-0.038521,-0.25386,-0.79299,-0.89413,-0.80326,-0.27032,0.52777,1.143,1.7775,1.5947,1.2198,1.1707,1.5277,1.5436,1.7779,1.9097,1.6297,0.83369,0.099753,-0.19576,-0.77976,-1.4716,-2.2998,-2.4557,-2.8063,-2.253,-1.4375,-1.0985,-0.68487,-0.60393,-0.014847,-0.10254,-0.25612,0.4047,0.45894,-0.72234,0.14773,1.9341,0.98683,-0.43341,-0.54073,-0.91231,-0.76925,-0.63544,-1.0338,-0.76289,-0.10421,-0.81349,1.9389,1.1601,0.37792,2.5974,1.2166,-0.45289,0.64159,0.7213,-0.2002
1.911,2.6233,3.1921,2.057,1.2438,2.9173,2.1647,0.42748,-1.1099,-0.72059,-0.46805,0.46961,0.36602,-0.48742,-0.57004,-0.51789,-0.89649,-0.80342,-0.55782,-1.4546,-1.3523,0.12867,1.3048,1.2674,0.54088,-0.20135,-0.85752,-0.66497,0.51124,-0.25335,0.026284,-0.080382,-0.0059062,-0.91953,-1.4289,0.14029,0.77442,-0.42896,-0.61484,-0.21441,-0.032446,0.99572,0.51267,-1.0006,-0.51463,0.39398,2.319,3.2536,2.6554,0.049467,1.6681,3.2157,1.7408,2.4736,0.67859,1.3735,1.7077,1.7699,2.064,-0.16045
0.23644,0.37814,-0.93505,-0.63601,-0.57608,-0.52567,-0.4523,-0.2513,-0.46629,-0.42747,-0.41531,-0.08011,0.15178,-0.060607,0.39332,0.662,0.50295,0.49701,0.38486,0.42586,0.38531,0.64375,1.1249,1.2774,1.2182,1.2652,1.0911,1.2715,0.75516,0.095457,0.13891,0.22351,-0.31291,-1.0666,-1.1499,-0.84638,-0.33932,-0.0030859,-0.12005,-0.09351,0.049956,-0.063376,-0.29528,-0.05383,-0.22906,-0.29141,-0.24327,-0.27275,-0.37072,-1.1287,-0.12231,-0.97781,0.21116,-0.032992,0.26943,0.3449,-0.45289,-0.85768,-0.0066888,-0.67724
2.9419,1.3247,0.49619,0.14846,-0.24306,0.2729,-0.44259,3.3763,3.3483,2.189,0.84991,-0.57271,-0.46612,0.073761,0.49749,0.65641,-0.65377,-1.0091,-1.2171,1.0244,1.5163,-0.84677,-2.2024,-2.0068,-1.77,-1.3526,-1.6806,-1.4711,-1.1004,-0.27012,-1.2752,-0.49494,0.2948,0.90108,1.0725,1.3352,1.5497,2.0638,1.7732,1.2017,-0.076277,-0.73368,-0.32118,0.067709,1.483,1.0906,0.12015,0.69654,1.4956,2.157,0.37734,-0.63527,-0.36955,2.6516,1.3699,2.2626,0.82617,1.8781,2.1126,-0.47847
1.0368,1.5189,4.0561,4.4384,4.4516,2.0325,-0.97182,1.1027,-0.70111,-0.99884,-0.56526,-0.19719,-0.02132,0.24278,0.51794,0.15437,0.56705,0.91685,1.3562,1.372,1.1948,1.4684,1.224,0.99301,0.64622,0.022905,-0.19847,-1.036,-1.6486,-1.7166,-1.6817,-1.5928,-1.2891,-0.70936,0.19615,0.44469,0.33468,0.55144,0.33606,-0.1187,0.30125,1.3081,0.83931,-0.56549,-0.11365,-0.22944,-0.80679,-0.15579,-0.13987,-0.66038,1.1518,1.1397,1.3018,2.0216,-0.15384,1.1991,1.604,1.028,0.88308,-0.18032
-0.14632,0.14756,0.28281,0.30536,0.05756,0.34565,0.1271,0.44744,0.85649,0.64829,0.10992,0.070527,-0.34339,-0.51721,-0.94049,-1.1141,-0.89725,-0.89404,-1.3187,-1.8619,-2.1199,-1.5092,-0.65784,-0.14827,0.31714,0.82635,1.1884,1.2719,1.2101,1.6012,1.7801,1.5474,1.3039,1.0196,0.94635,1.0528,0.97741,0.54863,-0.064797,0.58543,0.83716,0.73969,1.2487,1.8128,1.3076,1.0152,1.0011,1.0314,1.0144,0.44464,-0.33049,-0.44843,-0.63866,-1.2383,-0.67588,-0.056072,-0.81587,-0.25488,-0.50819,-0.29958
-0.85094,0.059571,0.63411,0.3204,0.24297,-0.19237,-0.42479,0.93011,0.64701,0.64681,1.2546,1.8889,1.538,0.70608,0.18157,-0.14522,-0.41408,-0.60344,-0.27021,0.62194,0.79762,0.72699,0.078045,0.096797,0.40574,0.71212,1.2124,1.2651,0.98741,0.30474,0.38845,0.94618,0.38729,-0.55238,-1.3992,-0.18646,-0.19635,0.34578,1.5185,1.0438,-0.16336,1.1344,1.684,2.0859,2.1907,0.4552,0.20295,1.5601,1.1896,-0.51402,1.2434,1.067,-0.41204,0.4738,1.0878,-1.2241,0.53233,-0.6722,-0.58908,-0.93563
-1.0249,-0.35608,-0.56553,0.047449,0.33118,0.16969,-0.82778,-0.41337,-0.090406,-0.16634,0.091082,0.14977,0.14255,-0.19984,-0.64355,-1.0229,-0.8085,-0.73039,-0.87993,-0.86977,-0.87682,-0.8753,-0.54192,0.055813,0.3004,0.35592,0.81392,1.29,1.027,0.31788,0.48518,0.034045,-0.59279,-0.99607,-0.94072,-1.1538,-0.77865,-0.94593,-0.42898,-0.5967,-0.53914,-0.0029235,-0.78307,-1.0922,-0.86285,0.043817,0.66987,0.52992,-0.0091463,-1.1726,0.20246,-0.64565,-0.7378,-0.485,-0.35137,0.031095,-0.71216,-0.85768,-0.73468,-1.1543
-0.45513,-0.1164,-0.70345,-0.77786,-0.64628,0.98857,1.3118,0.40634,0.46286,0.44742,0.56356,0.30755,-0.32495,-1.1988,-0.682,-0.68122,-0.54151,-0.63518,-1.1683,-1.4812,-0.76046,0.24865,0.65964,0.72202,0.88384,0.9701,1.2071,1.29,0.70063,0.17655,0.46555,0.5424,-0.0059062,-1.1072,-1.1873,-1.2269,-1.1125,-0.93231,-0.79468,-1.0702,-0.98855,-1.0353,-0.3514,-0.6015,-0.70588,-0.38922,0.34096,0.71897,0.94207,0.62758,0.35235,-0.18893,-0.12877,1.2271,-0.84519,0.32746,-0.22819,0.54885,1.8376,1.8272
1.0194,0.54197,2.0315,1.4337,-0.9109,-0.040101,-1.0981,-1.0675,0.43161,-0.33522,0.13856,0.21759,0.19718,0.24035,-0.086656,-0.64469,-0.474,-1.2263,-1.5106,-0.84768,-0.20503,0.053247,0.033277,0.27495,-0.089919,-0.6642,-0.058841,0.16222,0.54329,1.0961,1.7488,2.2124,1.2265,0.8907,1.3813,0.3508,-0.822,0.16548,0.26021,-0.56311,1.7494,1.6862,0.080278,2.3289,2.7546,2.6256,2.4846,0.93686,0.074294,0.48123,1.8263,2.1258,0.59358,3.0899,3.9942,1.6001,0.92988,0.36337,4.6039,2.8409
0.049413,-0.095162,0.13448,0.14846,-1.0531,0.52161,0.40062,-0.26422,0.13935,0.20192,0.40531,0.22116,-0.81941,-1.6371,-1.2311,-1.0062,-0.79257,-0.71815,-0.86055,-0.50921,-0.15732,0.29203,0.31028,0.37449,1.0157,1.2652,1.2039,0.57202,0.25443,0.60327,0.8637,0.26759,-0.76906,-1.3247,-1.2155,-1.3193,-0.86118,-0.73886,-0.95893,-1.2667,-1.4029,-0.83918,-0.65717,-0.4447,-0.43087,-0.46388,0.038493,0.0637,-0.084242,0.269,-0.98836,-0.50033,-0.86528,0.22725,-0.80286,-0.82314,-0.76401,-0.0075796,-0.70233,-0.33933
1.3369,0.27195,0.1553,-0.32652,0.49319,-0.46138,-0.58987,-1.0581,-0.57948,-1.2882,-0.58636,-0.34212,-0.32991,-0.083103,0.30034,0.37831,0.95843,1.5768,1.6717,1.4226,1.1843,1.1408,1.1357,0.78517,0.23385,-0.52088,-1.164,-1.192,-0.94682,-1.2051,-0.98543,-0.57279,-0.49546,0.043101,0.026353,0.1312,0.37261,0.48007,0.74294,0.17851,0.17619,0.34794,0.019844,0.38206,-0.14794,-0.50345,-0.79874,-1.335,-0.4931,-0.49206,-1.105,-1.2581,-1.446,1.6107,1.638,-0.021205,0.67061,0.53339,0.52717,0.69425
0.60181,1.5705,1.0271,0.58906,-1.0567,-1.3006,-1.0495,0.83264,1.7797,3.7372,3.7541,1.8068,0.18937,-0.61692,-0.21176,-0.020574,-0.62684,-0.77092,-0.6807,-0.28915,0.16927,0.86416,1.3068,1.369,-0.036434,-0.70635,-1.2202,-1.474,-0.90811,-0.73716,-0.30457,-1.514,0.079319,1.0901,0.86685,0.19859,0.20005,0.11477,0.66006,0.70241,0.041774,0.90623,1.2156,-0.23764,-0.32007,-1.0963,-0.069611,1.8228,1.5289,-0.038349,0.39399,0.43386,1.2734,1.3778,0.67859,-0.57907,-0.88501,1.2753,-0.33024,-0.876
1.8066,2.6324,2.6248,2.3751,1.6939,-0.34126,-0.81321,-0.47091,-0.16643,-0.62165,-0.015169,-0.52702,-0.31856,0.090785,0.74138,0.7557,0.46503,-0.29717,-0.18029,0.12584,0.5327,0.54761,-0.30329,-0.19637,-0.024185,0.055785,0.22204,0.47926,0.85588,1.5763,2.088,1.6904,0.091909,0.0067757,0.39605,-0.8089,0.0058074,0.17205,-0.20947,-1.5029,1.4251,2.4709,1.3113,0.69191,2.5475,3.0504,1.6164,0.45142,1.2897,1.2423,1.0852,0.22626,1.2734,0.35053,0.48107,0.9725,0.94716,0.79615,1.2066,3.0397
-0.70306,-0.80208,-0.0060428,0.18285,-0.58328,-1.1787,-1.3489,-1.0593,-0.39027,-0.52642,-0.25178,-0.080824,-0.44058,-0.92518,-1.1975,-0.96792,-0.42015,-0.15569,0.16198,0.11518,0.22202,0.42607,0.26631,0.12022,0.40982,0.90139,1.1978,1.29,1.024,0.3514,-1.0924,-1.2401,-0.70853,0.3549,1.2574,1.651,1.6247,1.4553,0.72837,0.20706,0.3597,0.23592,0.76161,1.139,0.5762,0.080401,-0.61013,-0.97929,-0.63216,-0.64574,-1.1383,-0.52109,-0.10044,-1.252,-0.81697,-0.42217,-1.1616,-1.0895,-0.75086,-0.77662
0.86713,-0.31968,0.39991,1.5713,1.8361,1.4589,1.6177,-0.68112,-0.45109,-0.040614,-1.0649,-0.0037206,-0.37177,0.13942,0.06717,-0.19852,-0.5233,-0.59197,-0.81403,-1.4854,-1.0963,-0.94135,-1.1779,-0.55059,-0.62314,-1.0638,-0.68451,-0.68184,-1.0463,-1.066,-0.4457,0.11658,0.6817,0.73286,0.93747,1.4064,1.3609,1.3051,1.0654,1.4048,2.1129,1.1937,0.91413,0.4976,0.0063826,0.62095,0.64917,1.2685,0.67506,0.24705,0.89364,-0.55223,0.31031,0.70665,-0.42192,0.64126,2.0015,0.93526,4.0862,7.4324
2.0459,0.85448,0.11106,-0.31148,-0.29166,-0.67118,-0.013702,1.3141,1.5069,1.7679,1.3503,1.035,1.0804,0.71094,0.64548,0.66243,1.1932,0.63848,-1.1691,-0.37862,-0.75348,-0.76236,-0.29569,-0.55519,-1.4671,-1.987,-0.010807,1.29,0.35016,-0.49163,0.027218,0.50113,-0.62524,-1.3195,-0.76205,0.1259,0.40262,-0.084317,-0.216,-0.38177,-0.53387,-0.20087,-0.44493,-0.97512,-0.84438,-0.80508,-0.9977,-1.3286,-0.80461,-1.158,-0.039035,-1.0712,-0.75197,-0.060386,0.24121,-1.1718,-0.1072,-0.48673,0.44628,0.57499
-0.42034,-0.73533,-0.66962,-0.28568,-0.64988,-1.3479,-0.52675,-0.44038,-0.79403,-0.66331,-0.63158,-0.84257,-0.92156,-1.0468,-1.2408,-1.2443,-1.1127,-1.0237,-0.45278,-0.75098,-1.4714,-1.4197,-0.91006,-0.36741,-0.4537,-0.65366,-0.91573,-0.01823,1.4053,1.8984,2.1035,2.0844,1.6899,1.0875,0.58707,0.28189,0.43388,-0.66185,-1.2854,-0.90622,-0.68933,-0.66908,0.096826,1.2793,1.175,0.60303,-0.16967,-1.1059,-1.0132,-0.12616,-0.29718,-1.1024,-0.56784,0.14507,-1.1415,-1.0498,-0.34918,-0.57946,-0.20082,-1.0549
-0.66391,-0.49261,-0.90903,-0.92616,-0.9667,-1.5391,-0.90384,-0.46269,-0.83964,-0.79425,-0.82825,-1.1952,-1.5891,-1.2875,-0.82171,-1.0268,-1.1733,-0.99422,-0.79737,-0.90746,-0.88962,-0.22852,0.40502,0.84915,0.93651,0.21597,-0.066576,0.043324,-0.23173,-0.92244,-1.3266,-0.8265,-0.72644,-0.48665,-0.75009,-0.59082,-0.18843,-0.24678,-0.16928,-0.17131,-0.12303,-0.39764,-0.68523,-0.2639,-0.080672,0.082641,-0.37552,-0.41374,-0.20662,-0.68965,-1.1383,-0.74945,-0.49702,0.049191,-1.1415,-1.0498,-0.91957,-0.31671,-0.65379,-0.33933
-0.60737,-0.85669,-0.84657,-0.59303,-1.1791,-1.1077,-0.58339,-0.50849,-0.70196,-0.43045,-0.33844,-0.27644,-0.34339,-0.23875,-0.73068,-0.7573,-0.61508,-0.42297,-0.39619,-0.41023,-0.21938,-0.098385,-0.24613,0.16204,1.1211,1.2053,1.2124,1.1121,0.92456,0.59738,0.39639,-0.03161,-0.61749,-0.98959,-1.2178,-0.58741,-0.49146,-0.13878,0.027128,-0.49931,-1.1814,-0.42609,-0.47298,-0.38769,-0.56211,-0.59081,-0.12366,0.057292,-0.2984,-0.61647,-0.9384,-0.88439,-0.93609,-1.0055,-1.1274,-0.63138,-0.71216,-1.0586,-0.73468,-0.63748
-0.83789,0.30229,-0.36255,-0.51995,-0.18005,0.052953,1.854,1.2178,-1.4402,-0.14923,-0.68131,-0.43564,0.31423,-0.98841,-0.50286,-0.57033,-0.59574,-0.66424,-1.066,-1.8939,-1.8034,-1.9789,-1.9193,-2.0674,-1.7467,-1.8668,-2.4365,-0.66792,0.29272,0.21822,-0.13494,0.76187,1.47,0.95211,0.69435,1.3912,2.1149,2.7494,3.2405,3.4618,3.5664,3.0393,2.2552,0.5231,1.6057,2.9123,3.5726,3.1895,4.0655,4.2061,1.9595,0.40272,0.59358,0.076585,1.5393,0.98993,-0.85044,1.2444,0.43011,1.37
-0.39424,-1.0873,-0.78152,-1.025,-1.1143,-1.5137,-1.0948,-1.3364,-1.077,-0.73324,-1.1447,-1.1139,-1.0847,-1.5478,-1.5436,-1.5572,-1.341,-0.91622,-0.62488,-0.69197,-0.87876,-0.5779,-0.062656,0.33308,0.78422,0.75427,0.358,0.59731,1.3362,1.7258,1.9586,2.1162,2.6806,2.428,1.5306,0.55222,-0.3835,-0.67782,-0.94638,-0.0039557,0.5245,0.78355,0.64002,0.64314,0.51157,0.31185,-0.20877,-0.73897,-0.50701,-0.60183,-0.73854,-0.27197,-0.52535,-0.63567,-0.88752,-1.2415,-1.2307,-0.85768,-0.3626,-0.41884
-0.44644,-0.23169,-0.62798,0.17855,-1.2097,-0.43431,0.36016,0.12097,0.0075778,0.3269,0.18603,0.86226,0.8321,-0.17856,-0.23659,0.17113,1.0726,0.46259,-1.0939,-1.142,0.53619,0.39872,-1.2298,-1.6321,-0.2863,-0.46439,-0.83635,0.70651,0.79844,-0.78155,-1.2976,-1.2406,-1.7748,-1.0571,-0.3418,-0.93876,-0.84742,-0.62711,-1.2679,-1.6288,-0.73316,-0.71116,-0.45716,-0.19112,-0.63598,-0.70429,-1.1978,-0.81747,-1.1439,-0.44816,-0.58032,-0.99857,-0.15709,0.44641,1.3699,1.0074,0.35949,0.19335,-0.44348,0.19733
0.51046,0.11115,0.35047,-0.87888,-1.0243,-0.045177,-0.26456,-0.32646,0.4409,0.13124,0.0096984,0.58598,0.77606,1.1396,1.7573,1.6205,2.0336,2.0276,1.4818,1.0042,0.57032,0.77154,0.19876,-0.11816,0.079111,0.428,-0.39427,-0.361,1.0224,1.2447,0.24218,-0.70035,-0.25867,0.32592,-0.39274,-1.1167,-0.66485,-0.79333,-1.4321,-1.0221,-0.76647,-0.35082,-0.54997,-0.87759,0.16137,0.84045,0.74692,0.23673,0.40527,1.4691,-0.39711,-1.1024,-1.0069,-0.060386,0.3823,0.083395,-0.29733,-0.28579,-0.79939,0.25696
-0.83354,-0.64735,0.48058,-0.71768,-0.9847,-1.1466,-0.19335,-0.084543,-0.99844,-0.609,-1.1146,-0.36425,-1.8083,-0.42845,-0.71705,-0.71088,-1.3148,-0.85733,-0.38301,-0.63105,-1.2992,-0.99762,-0.36524,-0.78646,-1.4756,-0.70171,-0.71871,-1.8636,-1.8026,-1.0194,0.56789,1.3833,0.94319,-0.2315,0.010531,-0.3167,0.73774,2.5437,3.3148,3.3891,1.8868,1.3175,0.5357,0.79619,1.5318,1.5288,1.6451,1.0602,0.44977,0.65686,0.6688,-0.13703,-1.0069,0.55598,-0.11152,-0.16067,-0.48746,-0.54855,-0.63762,1.0321
0.027666,0.69974,0.55084,0.82118,1.5534,2.112,1.5513,0.80445,-0.27117,-0.91551,0.087314,0.81586,0.031176,-0.084927,0.017031,0.23646,0.5606,0.012166,-0.27137,0.30555,-0.83726,-1.6624,-1.1711,1.0198,1.0684,-1.0027,-1.7303,-0.13797,0.669,-0.72901,0.068809,1.206,0.78436,2.1003,1.5194,1.2436,1.6577,0.47162,-0.12508,0.028508,-0.04881,0.068197,-1.3953,-0.20538,-0.27655,0.019925,0.031593,-0.26634,-0.18715,-1.0263,-0.05569,-1.0712,0.65023,-0.52609,1.6803,-0.10837,1.2756,-0.47127,1.9508,0.15758
-0.70306,-1.148,-0.91163,-0.17822,-0.40867,-0.45292,-0.46363,-0.47796,-0.058308,-0.44607,-0.62404,-1.0011,-1.3075,-1.0516,-0.97602,-1.1347,-0.76716,-0.64436,-0.54581,-0.076324,0.2259,0.67853,1.1205,0.96207,0.9953,1.2652,1.1396,0.90719,0.73393,0.52219,0.39966,0.4955,0.46961,0.58669,0.61949,0.55638,0.49515,0.18473,-0.71681,-0.76237,-0.7092,-1.2499,-1.3356,-1.3247,-0.94924,-0.99174,-1.2024,-1.2821,-1.2413,-0.64574,-0.57199,-0.58337,-0.93609,-1.3205,-1.1556,-0.64881,-0.67759,-0.88859,-0.91263,-0.97539
0.0059179,-0.019312,-0.47185,-1.025,-1.1197,-0.73378,-0.52189,-0.28301,-0.68169,-0.99065,-1.3806,-0.92325,-0.68817,-0.56342,-0.23123,-0.62921,-0.56275,-0.60765,-0.67953,-0.2743,-0.26709,0.0055689,0.1424,0.33476,0.7144,0.8175,1.1831,0.9249,0.27441,0.23045,0.50527,0.11611,-0.66591,-0.99953,-0.87242,-0.48746,-0.37641,-0.088073,-0.26824,-0.68961,-0.78342,-0.15465,-0.24779,-0.25489,-0.32931,-0.69085,-0.15357,0.0076256,-0.34013,-0.81405,-0.70523,-0.71831,-0.49702,-0.019294,-0.59123,0.3449,-0.64302,-0.37853,-0.47584,0.43585
-0.16806,1.2853,0.17872,-0.63386,1.7497,4.6989,4.0648,2.6247,1.3929,0.085115,0.22069,0.51458,2.0211,2.4018,2.3079,1.4473,-0.24569,-0.96172,-0.91947,-0.50693,-0.31441,-1.0762,-2.0145,-0.5326,-0.16994,0.3007,-0.074717,0.45312,0.68773,1.1328,1.2838,0.30886,-1.3361,-0.54719,0.44699,0.35534,-0.95121,-0.51536,-0.23559,0.40352,0.023658,-0.96483,-0.54709,-0.63526,-0.70127,-0.60201,-0.75619,-1.1475,-1.1272,-0.38961,-0.63028,0.45462,-0.48286,-0.41651,-0.77464,0.58896,-0.7813,-0.62583,0.025666,-0.23995
0.654,0.28105,-1.0131,0.090434,-0.8533,-0.62211,0.72269,0.16677,-0.68084,-0.60602,-0.94279,-0.090819,-0.51507,-0.50201,-1.0189,-0.75172,-0.64163,0.82546,1.2779,0.9981,0.74719,1.0705,1.2768,0.74794,-0.052357,-1.584,-2.0221,-0.53596,-0.28917,-0.42233,1.1623,1.5052,0.49043,0.037912,0.63068,0.65141,-0.95954,0.20398,0.67965,0.6817,-0.19667,-0.78051,0.73642,0.38881,-0.67819,-0.17643,0.1374,-0.79825,0.55546,3.1669,0.41065,0.7245,1.5425,0.35053,-0.53479,-0.16067,0.031079,0.39428,-0.33024,0.79363
-0.11587,0.1688,-0.78412,-0.97774,-0.80469,-1.0282,-1.4185,-0.66703,-0.79065,-0.96982,-1.5321,-0.3157,-0.5853,-1.1556,-0.84946,-0.66747,-0.79257,-1.307,-1.5389,-1.7001,-1.4997,-2.1704,-1.7627,-1.8161,-2.3886,-1.9899,-0.46795,0.63947,0.85172,0.84699,1.4067,0.87677,1.149,2.0389,2.2997,2.0822,1.3846,1.0971,1.3131,1.9875,1.6121,1.4604,0.87672,-0.10785,-0.30359,-0.82002,-0.33757,0.10856,0.013104,-0.11885,-0.50537,-0.99857,1.1318,0.63817,-0.35137,0.25773,-0.089913,0.023333,0.10655,0.59486
-0.7335,-1.0994,-0.63059,-0.71553,-1.0297,-0.9368,-1.917,-1.1156,-0.83542,-1.196,-0.91039,-1.4151,-1.0932,-0.62179,-0.66302,-0.73409,-0.83581,-1.1063,-1.4846,-1.7565,-1.8372,-1.2059,-0.72939,-0.34316,0.0088861,0.47226,0.6401,0.96453,0.81842,0.64721,0.58284,0.37076,0.2212,0.52874,0.4713,0.030488,-0.9833,-1.4019,-1.2051,-1.1088,-0.92719,-0.60804,0.13136,-0.13936,-0.86812,-0.76626,-1.0414,-0.98249,-0.68779,-0.95309,-0.097327,-0.095515,0.38112,-1.1425,-0.77464,-1.1195,0.60147,-0.33216,-0.52437,0.11783
-0.97273,-0.46227,0.19433,-0.20401,-0.9055,-0.69148,-1.2874,-0.256,0.11063,0.29194,-0.56828,-1.1281,-0.23769,0.15462,0.53206,-0.48694,-1.325,-1.1781,-1.0369,-1.1557,-1.3954,-0.91438,-0.034276,0.54804,0.11096,-0.05255,-0.0099928,0.68205,1.4898,1.7267,1.8464,1.4934,1.3219,0.71513,0.18149,0.26409,-0.28305,-0.84967,-0.79216,-1.2706,-1.0049,-0.60982,0.18892,-0.32692,-1.1728,-1.0403,-1.0011,-0.79184,-1.1857,-0.0017591,0.31905,0.40272,0.79187,-0.74524,-0.67588,-0.24784,-0.64302,-0.4249,1.8537,0.79363
0.37563,-0.20135,-0.039872,-0.40604,1.8631,0.99703,-0.53484,-0.62358,-0.00086905,-0.022015,0.58391,0.43962,0.67603,0.55894,1.289,1.755,2.1159,2.0941,1.8586,1.1344,0.91243,1.1014,-0.24893,-1.1265,-0.32999,-0.086694,-0.25749,-0.81717,-0.35078,-0.44316,-0.14755,-0.50292,-0.098394,-0.059821,-0.62196,-1.0648,-0.96955,-1.1891,-0.3461,0.037463,-0.14232,-0.040854,-0.54133,-1.1679,-0.48957,0.44326,1.1195,0.25596,-0.26781,-0.30911,-0.56366,-0.91553,-0.8936,-0.43021,0.12834,-0.30014,-0.29733,-0.27034,-0.58908,-0.23995
-0.95968,-0.85366,-0.78932,-0.096551,-0.8983,-0.40555,-0.83587,-0.71635,-1.4047,-0.88129,-1.5607,-0.67695,-0.91943,-1.1739,-0.86552,-1.0995,-1.2393,-0.94681,-1.6362,-1.5635,-1.1867,-1.8113,-2.3195,-2.2167,-2.5964,-2.2534,-1.4746,-0.87915,-0.50562,-0.13648,0.49406,0.74968,1.255,2.1037,2.3441,2.1462,2.0095,1.7262,1.7275,1.7989,1.2913,0.81674,0.25223,-0.32692,-0.3636,-0.47433,-0.39738,-0.082094,-0.45694,0.21046,0.7604,-0.94667,-0.83695,-0.4576,0.43874,0.3972,-0.41832,-0.73403,-0.10375,-0.041187
-0.72046,0.40848,0.47538,-0.044969,0.57599,2.6077,1.7585,0.84438,1.3819,1.6378,0.49348,-0.92468,0.40149,1.6667,1.8303,2.5644,2.2149,1.8238,0.45036,-0.39766,-0.42262,-0.47317,0.24473,0.70822,0.55313,0.29142,0.44104,-0.31082,-1.6919,-1.4561,0.58612,1.1122,-0.61459,0.15597,1.7764,1.2614,0.48473,1.1548,0.87153,-0.13773,-1.3392,-0.95771,0.19539,0.5036,0.069695,-0.70653,-0.84359,-0.912,-0.96593,0.60563,-1.1133,0.76602,-0.83695,1.2271,0.46696,-1.0498,-0.71216,-0.70311,0.55953,0.23709
-0.83354,-0.33181,-0.6462,-0.36091,-0.60488,-1.4291,-1.4622,-0.81852,0.097959,0.43552,0.76551,0.55671,-0.21357,-1.0322,-0.93659,0.28203,0.99939,0.96655,1.131,1.4356,1.4609,0.76216,-0.27211,-0.13907,0.1179,-0.052129,-1.197,-2.1625,-1.8134,-0.85721,-0.58589,-1.1013,-0.94193,-0.29896,0.022494,0.46514,0.79026,-0.020928,-0.26874,-0.46684,-0.49589,-0.47232,-1.173,-0.92486,-0.39064,0.25511,-0.015559,-0.11414,0.19389,0.31291,-0.35548,-0.47957,-0.043785,-1.0055,-0.069189,-0.61394,0.67061,-0.9195,0.18744,-0.14057
-0.86399,-0.35002,-0.57594,-0.42968,-0.80469,0.21368,0.37634,-0.83379,-0.8785,-0.53758,-0.17191,0.88225,0.71292,-0.17795,-0.42303,0.68005,1.1955,1.199,0.47401,-0.47038,-0.68288,-0.74907,-0.37004,0.26492,0.74911,0.839,0.97634,1.0375,1.2313,1.2529,1.0464,1.0831,1.6342,2.0501,2.3128,2.2995,2.4096,2.3437,1.6813,0.95372,0.014307,-0.60093,-0.95646,-1.0802,-0.26006,0.24764,-0.13631,-0.35446,-0.9548,0.0055588,1.2351,0.80754,-0.22791,-0.73155,-0.097407,0.17056,-0.14177,0.5643,-0.31406,0.89301
-0.85964,-0.66252,-0.10493,-0.3867,-0.12785,-0.57474,-0.31959,-0.53433,-1.1817,-0.56139,-0.7966,-1.5915,-1.482,-1.3702,-0.97262,-1.3187,-1.1134,-0.83133,-0.52875,-0.65199,-0.4521,0.99665,1.2536,0.86128,0.061555,-0.025993,-0.54855,-0.16874,0.57493,0.79988,0.36975,0.90303,1.9058,2.1651,1.822,1.0777,0.16211,-0.48202,-0.28783,0.30781,0.21885,-0.34549,0.38173,0.048203,-0.53375,-0.7252,-0.8735,-0.78864,-0.96036,-0.23593,-0.22224,0.070564,1.1885,0.4875,-0.3937,0.8156,2.3991,0.11607,-0.039044,1.1315
-0.72915,0.14756,0.43114,-0.19327,-0.27906,-1.1686,-1.111,-1.1802,-0.61496,0.027831,-0.54266,-0.42922,0.20782,-0.57558,-1.2705,-0.59955,-0.1907,-0.27308,0.34144,0.25453,-0.11233,-0.65215,-0.80773,-1.2695,-0.12585,0.81834,0.79642,-0.82645,-1.2852,-1.5671,-1.6317,-0.33972,0.081255,-0.41097,-0.34797,0.098638,0.77651,0.34391,1.1257,1.0668,0.13996,0.011301,-0.082319,0.11797,-0.53903,-0.65875,-0.69409,-0.95526,-0.19271,-0.27252,-0.68858,-0.53147,-0.70947,0.88472,1.3417,-0.49191,0.61876,1.8008,1.0934,-0.061063
-0.90314,-0.70196,-0.38337,-0.2298,0.35818,-0.49691,-1.3004,-1.2789,-0.91904,-0.2452,-0.29398,-0.95323,-0.74492,-1.3082,-0.498,0.57431,1.1647,1.2438,0.45502,-0.81075,-0.91444,-1.415,-1.0767,0.26533,0.7834,0.5161,0.30549,0.38862,-0.31998,-0.98495,-0.70598,-0.24639,-0.38845,-1.0116,-0.50118,-0.24741,-0.93787,-1.1027,-0.79216,-0.67282,-1.0043,-1.0964,-1.1579,-0.8926,-0.65049,-0.48553,-0.91835,-0.81267,-1.1495,-0.18471,-0.87178,1.0567,0.097852,0.36423,0.33998,-0.38731,-0.34918,-0.74948,-0.11993,-0.39897
-0.329,-0.51385,-0.43021,-0.85953,-0.71109,-0.44108,-0.50409,-0.51671,-0.53133,-0.82549,-0.87196,-0.99964,-1.0932,-0.73184,-0.39528,-0.70787,-0.84605,-1.0546,-1.6676,-1.6621,-1.5847,-1.8257,-1.5448,-0.56062,0.68827,1.2652,0.67674,-0.083579,-0.36784,-0.53059,-0.67094,-1.0952,-1.2358,-0.83909,-0.31865,-0.56962,-1.0754,-1.415,-1.3713,-1.0193,-0.38076,-0.5144,-0.63199,-0.89935,-0.74677,-0.69907,-1.015,-0.71334,-0.45138,-0.49938,-0.65526,0.060184,-0.8936,-0.78633,-0.28082,-1.0672,-0.53931,-0.85768,-1.1391,-0.95551
0.98891,0.49646,1.0505,-0.47267,0.7308,-0.20929,-0.30826,-0.86315,-0.2661,0.56199,0.33297,0.41678,-0.053953,0.50787,1.18,0.25409,-0.58512,-1.2711,0.63099,1.4359,0.67544,-0.34811,0.13561,1.0235,0.35062,0.51484,0.75327,-0.35804,-1.4376,-2.132,-1.7415,-1.7663,-1.5409,-0.011387,-0.10022,-1.0595,-0.71821,0.25047,0.5174,-0.31684,-1.0178,-0.34786,-0.4219,-0.52798,0.11454,0.56271,-0.11446,-1.0578,-0.65163,-0.19203,-0.90509,-0.55223,0.18283,-0.88221,0.39641,0.25773,0.1175,-0.50218,-0.50819,-0.23995
0.31909,3.7853,3.1167,1.8958,0.6804,0.4404,1.4478,1.0804,1.0237,1.2293,0.51383,-1.5101,-0.038346,1.4782,1.4613,1.4924,1.5891,0.90423,-0.23184,-0.65085,-0.18835,0.50892,0.73598,1.369,0.81974,0.039345,-0.005108,-0.81211,-1.0317,-0.61304,-0.45457,-1.6964,-1.3313,-1.5704,-0.12685,1.1353,1.433,0.094109,-1.3292,-0.047614,0.62736,0.64309,-0.061455,-0.061332,0.20819,0.072935,0.41686,1.4063,1.3982,-0.38961,0.5189,-0.25121,-0.51118,1.3093,1.0031,-0.33501,-0.0034902,0.22426,0.49482,0.058196
-0.35074,-0.19832,-0.06069,-0.54359,-1.1359,-1.0282,0.13196,0.049335,-0.91651,-1.1268,-1.1237,-0.40494,-0.89035,-0.66556,-0.58805,-0.21572,1.0244,0.49356,-0.98769,-1.4835,-1.058,-0.25588,0.048866,0.11938,0.54905,0.8019,0.70157,0.39916,0.95911,1.6157,1.8109,1.462,1.288,1.5472,1.9647,2.3291,2.2862,1.8741,1.3347,0.5289,0.073917,-0.26785,0.33497,0.11797,0.27612,0.22674,-0.14782,-0.9841,-0.96871,1.3082,-0.89676,-0.45881,-0.92193,0.59708,0.18477,-1.0846,0.46319,-0.47127,-0.15229,0.29672
0.33213,0.056537,-0.31571,-0.52855,0.12236,0.5013,-0.091387,-0.80443,-1.3726,-1.1729,-1.0958,0.030547,-0.90028,-1.0297,-0.96337,-0.90946,-1.0376,-1.2382,-1.2369,-1.7112,-1.5599,-2.3541,-1.6268,-1.7479,-2.6597,-2.1396,-0.92346,0.02646,0.16827,0.28708,0.94314,0.4608,1.1761,2.022,2.1581,2.1795,1.6981,1.5849,1.5939,2.0194,1.8365,1.4059,0.96161,0.10297,-0.29699,-0.60126,-0.48363,-0.25993,0.12992,-0.21398,-0.85512,-0.44843,0.74938,0.69296,-0.16795,-0.21297,0.98173,-0.19306,-0.022866,0.058196
2.4547,0.21127,-0.14657,-0.72198,-0.66068,-0.86574,1.4931,2.0692,0.89281,0.49727,0.26138,-1.111,-1.2153,0.94441,1.7208,1.2526,1.1022,0.42397,-0.4896,-1.1077,-0.30781,0.56833,0.86869,1.0779,1.0688,-0.31685,-0.40607,-0.05491,-0.5718,-0.015528,-0.13587,-0.93342,-0.67463,-0.88018,0.53227,1.3481,1.7244,0.48242,-0.92528,0.22161,0.92892,0.84459,0.42346,0.07071,0.42121,0.88973,1.3426,1.7732,2.2437,1.1252,-0.2722,0.39234,0.43778,-0.41651,-0.78875,-0.54421,3.1077,0.34792,-0.68615,-0.55798
-0.094122,-0.88703,-0.7633,-0.56079,-0.61208,-0.48845,-0.30988,-0.24661,-0.83288,-0.41855,-0.51628,-0.80831,-0.97335,-0.98537,-0.51503,0.67446,1.0127,0.41174,-0.75783,-0.91545,-0.6441,-0.26174,-0.27491,-0.2315,0.56252,1.1889,1.1404,0.93839,0.41717,0.87281,1.602,1.3889,1.21,0.88681,0.89271,0.804,0.8657,0.86651,-0.16777,-0.88215,-0.51985,-0.44565,-0.18592,-0.27215,-0.40845,-0.17419,-0.54688,-0.70853,-0.54038,-0.18471,-0.96338,-0.52109,-1.3752,-1.252,-0.35137,-0.75341,0.72246,0.81161,-0.15229,0.45573
-0.329,-0.78995,-0.68783,-0.83159,-0.25926,-0.033334,-0.12699,-0.55312,-0.52373,-0.9051,-0.59993,-1.2295,-1.2316,-1.2468,-1.2365,-1.1394,-0.91773,-0.74568,-0.67992,-0.65503,-0.25312,-0.049925,0.22074,0.36947,0.4976,0.8879,0.72681,0.4253,0.65318,0.62094,0.63659,0.90116,0.8507,0.92357,0.99265,1.1039,1.0899,0.80781,0.31747,0.090077,-0.22414,-0.74257,-0.82192,-0.36293,-0.49946,-0.46911,-0.88845,-1.0273,-0.94646,-0.82137,-1.1882,-0.85325,-0.82278,-0.18366,0.57983,0.69356,-0.53931,-0.95042,-1.1877,-0.83625
-0.45078,-0.043584,1.3393,0.6127,-0.9055,-0.94357,0.33426,0.73282,0.078531,-0.20577,-0.16663,-0.69908,-0.53777,1.142,1.9939,1.7288,1.4207,0.61133,-0.32874,-1.075,-0.36561,0.5183,0.8499,1.369,0.69522,-0.085008,-0.020577,-0.4626,-0.68626,-0.27555,-0.3756,-1.3123,-1.2126,-1.4895,0.015933,1.2489,1.5343,0.05279,-1.3407,-0.23624,0.76411,0.64664,-0.018287,-0.1056,0.22072,0.20882,0.84583,1.2605,2.355,1.4179,-0.14729,-0.42767,-1.0494,0.049191,-0.88752,-0.43961,0.20392,-0.34762,-0.18464,-0.81637
-0.87704,-0.97805,-0.48226,-0.1073,0.80101,0.9192,0.28247,-0.42394,-0.69689,-0.13956,-0.34975,0.031975,0.95057,0.013569,-0.14653,0.66243,-0.052273,-1.1288,-0.78458,-0.65618,-0.98853,-0.7053,-0.022284,-0.88892,-0.30427,0.71296,0.53874,0.30725,-0.55764,-0.53875,0.15666,0.46174,-0.15892,-0.18653,1.3415,1.4813,0.091672,-1.2816,0.21399,1.6802,0.36086,-0.27911,-0.19456,0.6829,-0.023295,-0.027111,-0.8574,-0.60279,-1.0382,-0.997,0.21912,-0.78059,-0.17126,1.1587,-0.18206,1.2166,1.3793,-0.40944,1.7729,0.734
-0.43339,0.67547,-0.15697,0.50524,1.1448,-0.40047,-1.0511,-1.3258,-0.62763,-0.66703,-0.84634,-0.64339,0.55827,0.92009,0.276,0.8494,0.85945,0.86676,0.81743,-0.062617,-0.26825,0.046603,0.55131,0.43053,-0.39777,-0.90068,-1.1563,-1.8902,-2.3745,-2.3539,-1.5088,0.048114,0.87346,-0.10696,-0.55212,0.72789,2.1733,2.3535,0.15673,0.011716,1.8722,2.1307,0.17525,-0.54148,-0.46978,-0.23766,-0.49973,-0.13657,0.001979,0.086056,1.6598,2.0427,0.33863,0.14507,0.21299,-1.0149,-0.57388,-0.65675,0.52717,0.19733
-0.7944,-0.884,-0.82576,-0.34586,-0.13145,-0.30911,-0.34548,-0.80326,-0.70872,-0.77862,-1.046,-1.4287,-0.84211,0.2665,0.77983,1.1971,1.357,1.2633,1.2031,0.95127,0.8558,0.89582,0.95943,0.90644,0.90875,1.1248,1.2124,0.9249,0.14204,-0.52108,-1.0046,-0.67127,-1.1748,-0.83044,-0.52356,-0.59536,-0.62067,-0.8431,-1.4502,-1.6764,-1.4052,-1.4787,-1.3442,-1.2827,-1.0574,-1.1806,-1.0322,-1.053,-0.93811,-0.70428,-0.30551,-0.59375,-1.191,0.10398,-0.56301,-0.090939,-0.038059,-0.36307,-0.39495,-0.51823
0.35388,-0.31361,-0.5369,-0.6747,-1.0315,-0.52906,-0.60929,-0.37226,-0.66479,-0.95271,-0.59993,0.044826,-0.077363,-1.0863,-1.2681,-0.95503,-0.72772,-0.35835,-1.2621,-0.90403,-0.0044997,0.29125,0.76796,0.76384,0.39022,-0.33034,-0.52331,-1.0701,-0.98428,-0.63342,0.039836,0.73843,1.501,1.084,0.76266,0.58478,0.52475,0.32137,0.44556,1.6181,2.515,2.2818,2.7495,1.4602,0.81758,0.68068,0.29611,0.11817,-0.56263,0.47391,-0.7885,-1.31,-0.87944,-1.1699,-1.2261,-0.16067,0.30763,-0.39399,0.090377,-0.10082
0.0059179,0.78773,-0.12575,-0.78646,-0.49687,-0.38863,-0.36329,-1.2131,-0.88188,-0.90956,-1.4665,-1.4494,-1.3465,-1.2328,-0.84508,-1.2791,-1.1305,-0.89634,-0.66752,-0.90327,-1.5436,-1.5401,-1.2426,-1.0319,-0.87587,-1.8517,-2.5025,-1.7194,-0.33912,1.1482,1.4259,1.341,1.8768,2.3364,2.3441,1.9353,0.78276,-0.16883,-0.46214,-0.40863,0.24866,0.61523,-0.64062,0.065458,-0.25742,-0.1294,0.47091,0.35048,0.1327,-0.52133,0.077549,-1.0297,-0.78029,-0.36172,-0.21028,-0.12581,0.46319,1.2444,0.25215,-1.0748
-0.32465,-0.1346,-0.12054,-0.65106,0.59219,0.20015,0.29218,-0.3981,-0.53471,-0.22735,1.2953,1.15,0.87963,1.2843,1.6098,1.8432,2.1463,2.0941,1.6896,1.0742,0.78171,0.86651,-0.10303,-0.38121,0.40452,0.50809,-0.57827,-1.6659,-0.58761,0.37088,0.33097,-0.15729,-0.20638,-0.23842,-0.90522,-0.9187,-0.62859,-0.71867,-1.1327,-0.4008,-0.38076,-0.44683,-1.263,-0.40119,-0.20004,0.069948,0.69517,0.78306,-0.03696,0.1446,-0.54701,-1.0712,-0.057948,-0.43021,-0.22439,0.20543,-0.81587,-0.76494,-1.0744,0.078073
-0.68131,-1.0296,-1.0079,-0.53715,-0.34386,-0.19745,-0.30179,-0.54607,-0.15545,-0.12989,-0.59088,-0.9925,-1.0897,-1.0893,-0.8699,-0.67478,-0.56957,-0.69215,-0.45976,0.032946,0.27399,0.97867,1.4111,0.92903,0.68011,0.91698,0.93034,0.88948,0.75224,0.53306,0.36742,0.25024,0.18924,0.48723,0.67313,0.54351,0.6277,0.16219,-0.49027,-1.0741,-1.0546,-1.3939,-1.0039,-1.1687,-1.2704,-0.84615,-0.93905,-1.0001,-0.9103,-0.80673,-1.1299,-1.009,-0.32706,-0.10148,0.043684,-1.0149,-0.71216,-0.79585,-0.79939,-0.69711
-0.15067,0.19003,-0.13095,-0.64461,1.0134,0.46916,0.63206,0.93598,-0.78812,-1.132,-1.1071,-1.1717,-0.85275,-0.87654,-0.65864,-0.39281,-0.81571,-0.67877,-0.012061,-1.3167,-0.43155,-0.38211,-1.1283,-0.40087,-0.6505,-0.54111,-1.2275,-1.3872,0.10999,1.2909,1.4053,-0.14463,-0.38409,0.45825,1.0999,1.3117,1.0103,1.7107,2.8085,3.2838,2.8394,2.6457,3.7898,4.2173,2.6622,2.1709,2.1523,1.5136,1.2146,0.012877,0.37734,-0.39653,0.65023,-0.18366,0.5375,2.0185,-0.91957,1.8472,2.8406,2.2844
-0.39424,-0.81422,-0.82055,-0.63171,-0.36907,-1.4173,-0.52837,-0.60127,-0.37591,-0.65736,-0.46579,-0.79617,-0.49024,-0.23449,-0.28527,-0.7255,-0.61736,-0.50097,-0.27952,-0.33141,-0.29579,-0.072592,0.090437,0.31343,0.88833,1.0144,1.2124,1.1994,0.85422,0.82887,0.77397,0.28072,-0.21994,-0.79412,-0.96851,-0.4424,-0.42018,-0.13737,0.067314,-0.5536,-1.0067,-0.075822,-0.1888,-0.44996,-0.33524,-0.41983,0.00054185,-0.27115,-0.081461,0.1446,-1.0716,-0.60413,-0.87944,-0.73155,-0.25261,-0.78827,-0.57388,-0.7804,-1.1553,-0.93563
-0.7683,-0.71106,-0.78672,-0.99494,-0.9739,0.020807,-0.31473,-1.0663,-0.71716,-1.0033,-1.2208,-1.3423,-1.1904,-1.0839,-0.72094,-0.51617,-0.35188,-0.27002,-0.31207,-0.53815,-0.63673,-0.84716,-1.2646,-1.1352,-0.93425,-0.75061,0.21593,1.0805,1.4898,1.4835,1.5132,1.4916,1.4962,0.91665,0.67699,0.72259,0.70273,0.12932,-0.79819,-1.2572,-1.3129,-0.52862,0.15654,0.55986,0.24315,0.046057,-0.24097,0.44982,0.51374,-0.27252,-0.44708,-0.44843,-1.2902,-0.34802,-0.40781,-0.98004,-0.85044,-0.65675,-0.15229,-0.47847
0.08421,0.32353,0.66014,0.62774,-1.2115,-1.4308,-0.38271,-0.38988,0.20692,-0.97875,-0.44695,0.037687,0.056006,-0.14816,0.012163,-0.13835,0.46844,1.2954,1.5566,1.169,0.61338,-1.2841,-0.92805,-0.28586,-1.4601,-1.4824,-0.35153,0.46746,-0.054835,-0.36706,0.36695,1.0643,-0.023339,-1.1989,-0.5552,0.31331,0.7269,-0.11578,-0.5621,-0.70752,-0.7092,-0.26962,-1.0435,-1.0712,-0.89516,-0.61768,-0.53308,-0.11093,0.20223,-0.997,-0.59697,-0.48995,-1.0636,0.28204,1.3417,0.32746,2.6065,1.5844,-0.54055,-0.5381
-0.89009,-1.0266,-0.92985,-0.66395,-0.29886,-0.61534,-0.36329,-0.74101,-1.017,-0.94081,-0.78756,-0.45706,0.03969,-0.2351,-0.4683,-0.52305,-0.46528,-0.58586,-0.43572,-0.35768,-0.16508,0.086465,0.12162,0.35567,0.85812,1.0203,1.2124,0.68458,0.1537,-0.10069,-0.41953,-0.67737,-1.0397,-1.4463,-1.0631,-0.64042,-0.59274,-0.29139,-0.4767,-0.93365,-0.80621,-0.61515,-0.5104,-0.53773,-0.70193,-1.0963,-0.8689,-0.69571,-1.0021,-1.1653,-1.2132,-0.85325,-0.97858,-0.41651,0.29765,-0.56164,-0.83315,-0.23942,-0.34642,-0.69711
-0.076724,-0.43194,0.47538,0.045299,0.6786,-0.123,0.98002,0.46624,-0.28722,-0.20428,0.0044235,-1.1396,-0.6981,0.63616,0.96627,1.5161,1.8592,1.8112,0.9248,-0.44449,-0.38306,0.27718,0.51374,0.6848,0.21589,-0.25278,-0.51395,-1.1781,-1.2178,-0.62165,-1.1121,-1.1098,-1.0799,-1.4129,-0.077455,0.75516,0.49557,-0.49282,-1.1347,0.073845,0.64138,0.11383,-0.5622,-0.2849,-0.19081,-0.65501,-0.03971,0.61323,0.63612,-1.0043,0.78538,-0.22007,0.01287,-0.33433,-0.64766,-0.14324,0.44591,1.2598,2.2744,2.1452
0.19295,-0.27417,0.098048,0.00016533,0.075561,-0.40893,-0.13185,-0.14091,-0.46038,-0.92295,-1.5095,-1.2945,-0.72931,0.17712,0.6815,1.0488,1.2011,1.2694,1.1395,1.0015,1.5163,1.3957,1.2592,1.2021,0.96509,0.87989,0.37021,-0.44827,-1.2265,-0.71315,-0.19242,-0.45977,-0.64073,-0.5126,-0.8427,-1.2492,-1.0196,-1.053,-1.2071,-0.72823,-0.95173,-1.1758,-1.5018,-0.65477,-0.55881,-0.82226,-0.31687,-0.38009,-0.72395,-0.25057,-1.0633,0.16398,0.055361,-1.0603,-0.81697,1.5129,1.0163,-0.99679,-0.16847,-0.27971
-0.48123,-0.7232,-1.073,-0.85523,-0.59588,-0.96895,-1.3861,-0.71283,-0.32269,-0.77193,-1.0973,-1.3073,-1.2316,-1.1611,-1.3903,-1.0977,-0.96096,-0.33311,-0.69232,-1.0034,-1.5443,-1.6174,-1.7527,-1.8587,-2.4527,-2.1202,-1.195,-0.23409,0.64485,0.76953,0.22068,-1.0207,0.24202,0.19316,-0.62853,-0.23227,0.35093,1.0257,1.6386,1.2549,-0.24225,-0.30518,-0.48737,-0.93236,-0.94726,-0.92006,-0.26972,0.066905,-0.56263,-0.45547,-0.70523,0.92172,2.0949,0.4875,1.9766,-0.71854,-1.0406,-0.48673,0.15509,0.3961
